<?xml version="1.0" encoding="UTF-8"?>
<!DOCTYPE mapper PUBLIC "-//mybatis.org//DTD Mapper 3.0//EN" "http://mybatis.org/dtd/mybatis-3-mapper.dtd">

<mapper namespace="com.wfuhui.modules.advert.dao.AdvertDao">

	<!-- 可根据自己的需求，是否要使用 -->
    <resultMap type="com.wfuhui.modules.advert.entity.AdvertEntity" id="advertMap">
        <result property="id" column="id"/>
        <result property="picUrl" column="pic_url"/>
        <result property="enable" column="enable"/>
        <result property="link" column="link"/>
        <result property="sort" column="sort"/>
        <result property="createTime" column="create_time"/>
		<result property="remark" column="remark"/>
    </resultMap>

	<select id="queryObject" resultType="com.wfuhui.modules.advert.entity.AdvertEntity">
		select * from p_advert where id = #{value}
	</select>

	<select id="queryList" resultType="com.wfuhui.modules.advert.entity.AdvertEntity">
		select * from p_advert
		<where>
			<if test="enable != null">
				enable = #{enable}
			</if>
		</where>
        <choose>
            <when test="sidx != null and sidx.trim() != ''">
                order by ${sidx} ${order}
            </when>
			<otherwise>
                order by id desc
			</otherwise>
        </choose>
		<if test="offset != null and limit != null">
			limit #{offset}, #{limit}
		</if>
	</select>
	
 	<select id="queryTotal" resultType="int">
		select count(*) from p_advert 
		<where>
			<if test="enable != null">
				enable = #{enable}
			</if>
		</where>
	</select>
	 
	<insert id="save" parameterType="com.wfuhui.modules.advert.entity.AdvertEntity" useGeneratedKeys="true" keyProperty="id">
		insert into p_advert
		(
			`pic_url`, 
			`enable`, 
			`link`, 
			`sort`,
			`remark`,
			`create_time`

		)

		values
		(
			#{picUrl},
			#{enable}, 
			#{link}, 
			#{sort},
			#{remark},
            #{createTime}

		)
	</insert>
	 
	<update id="update" parameterType="com.wfuhui.modules.advert.entity.AdvertEntity">
		update p_advert 
		<set>
			<if test="picUrl != null">`pic_url` = #{picUrl}, </if>
			<if test="enable != null">`enable` = #{enable}, </if>
			<if test="link != null">`link` = #{link}, </if>
			<if test="sort != null">`sort` = #{sort}, </if>
			<if test="remark != null">`remark` = #{remark}, </if>
			<if test="createTime != null">`create_time` = #{createTime}</if>

		</set>
		where id = #{id}
	</update>
	
	<delete id="delete">
		delete from p_advert where id = #{value}
	</delete>
	
	<delete id="deleteBatch">
		delete from p_advert where id in 
		<foreach item="id" collection="array" open="(" separator="," close=")">
			#{id}
		</foreach>
	</delete>

</mapper>