<?xml version="1.0" encoding="UTF-8"?>
<!DOCTYPE mapper PUBLIC "-//mybatis.org//DTD Mapper 3.0//EN" "http://mybatis.org/dtd/mybatis-3-mapper.dtd">

<mapper namespace="com.wfuhui.modules.car.dao.CarDao">

	<!-- 可根据自己的需求，是否要使用 -->
    <resultMap type="com.wfuhui.modules.car.entity.CarEntity" id="carMap">
        <result property="id" column="id"/>
        <result property="memberId" column="member_id"/>
        <result property="carNo" column="car_no"/>
        <result property="brand" column="brand"/>
        <result property="createTime" column="create_time"/>
    </resultMap>

	<select id="queryObject" resultType="com.wfuhui.modules.car.entity.CarEntity">
		select * from p_car where id = #{value}
	</select>

	<select id="queryList" resultType="com.wfuhui.modules.car.entity.CarEntity">
		select c.*, m.real_name 'member.realName' from p_car c left join base_member m on m.id = c.member_id
		<where>
			<if test="carNo != null and carNo.trim() != ''">
				and `car_no` like concat('%',#{carNo},'%') 
			</if>
			<if test="memberId != null">
				and c.member_id= #{memberId}
			</if>
		</where>
        <choose>
            <when test="sidx != null and sidx.trim() != ''">
                order by ${sidx} ${order}
            </when>
			<otherwise>
                order by id desc
			</otherwise>
        </choose>
		<if test="offset != null and limit != null">
			limit #{offset}, #{limit}
		</if>
	</select>
	
 	<select id="queryTotal" resultType="int">
		select count(*) from p_car 
	</select>
	 
	<insert id="save" parameterType="com.wfuhui.modules.car.entity.CarEntity">
		insert into p_car
		(
			`id`, 
			`member_id`, 
			`car_no`, 
			`brand`, 
			`create_time`
		)
		values
		(
			#{id}, 
			#{memberId}, 
			#{carNo}, 
			#{brand}, 
			#{createTime}
		)
	</insert>
	 
	<update id="update" parameterType="com.wfuhui.modules.car.entity.CarEntity">
		update p_car 
		<set>
			<if test="memberId != null">`member_id` = #{memberId}, </if>
			<if test="carNo != null">`car_no` = #{carNo}, </if>
			<if test="brand != null">`brand` = #{brand}, </if>
			<if test="createTime != null">`create_time` = #{createTime}</if>
		</set>
		where id = #{id}
	</update>
	
	<delete id="delete">
		delete from p_car where id = #{value}
	</delete>
	
	<delete id="deleteBatch">
		delete from p_car where id in 
		<foreach item="id" collection="array" open="(" separator="," close=")">
			#{id}
		</foreach>
	</delete>

</mapper>