<?xml version="1.0" encoding="UTF-8"?>
<!DOCTYPE mapper PUBLIC "-//mybatis.org//DTD Mapper 3.0//EN" "http://mybatis.org/dtd/mybatis-3-mapper.dtd">

<mapper namespace="com.wfuhui.modules.car.dao.ParkingDao">

	<!-- 可根据自己的需求，是否要使用 -->
    <resultMap type="com.wfuhui.modules.car.entity.ParkingEntity" id="parkingMap">
        <result property="id" column="id"/>
        <result property="parkingNo" column="parking_no"/>
        <result property="carNo" column="car_no"/>
        <result property="createTime" column="create_time"/>
    </resultMap>

	<select id="queryObject" resultType="com.wfuhui.modules.car.entity.ParkingEntity">
		select * from p_parking where id = #{value}
	</select>

	<select id="queryList" resultType="com.wfuhui.modules.car.entity.ParkingEntity">
		select * from p_parking
        <choose>
            <when test="sidx != null and sidx.trim() != ''">
                order by ${sidx} ${order}
            </when>
			<otherwise>
                order by id desc
			</otherwise>
        </choose>
		<if test="offset != null and limit != null">
			limit #{offset}, #{limit}
		</if>
	</select>
	
 	<select id="queryTotal" resultType="int">
		select count(*) from p_parking 
	</select>
	 
	<insert id="save" parameterType="com.wfuhui.modules.car.entity.ParkingEntity">
		insert into p_parking
		(
			`id`, 
			`parking_no`, 
			`car_no`, 
			`create_time`
		)
		values
		(
			#{id}, 
			#{parkingNo}, 
			#{carNo}, 
			#{createTime}
		)
	</insert>
	 
	<update id="update" parameterType="com.wfuhui.modules.car.entity.ParkingEntity">
		update p_parking 
		<set>
			<if test="parkingNo != null">`parking_no` = #{parkingNo}, </if>
			<if test="carNo != null">`car_no` = #{carNo}, </if>
			<if test="createTime != null">`create_time` = #{createTime}</if>
		</set>
		where id = #{id}
	</update>
	
	<delete id="delete">
		delete from p_parking where id = #{value}
	</delete>
	
	<delete id="deleteBatch">
		delete from p_parking where id in 
		<foreach item="id" collection="array" open="(" separator="," close=")">
			#{id}
		</foreach>
	</delete>

</mapper>