<?xml version="1.0" encoding="UTF-8"?>
<!DOCTYPE mapper PUBLIC "-//mybatis.org//DTD Mapper 3.0//EN" "http://mybatis.org/dtd/mybatis-3-mapper.dtd">

<mapper namespace="com.wfuhui.modules.cms.dao.ColumnDao">

	<!-- 可根据自己的需求，是否要使用 -->
    <resultMap type="com.wfuhui.modules.cms.entity.ColumnEntity" id="columnMap">
        <result property="id" column="id"/>
        <result property="code" column="code"/>
        <result property="columnName" column="column_name"/>
        <result property="link" column="link"/>
        <result property="parentId" column="parent_id"/>
        <result property="sort" column="sort"/>
        <result property="status" column="status"/>
    </resultMap>

	<select id="queryObject" resultType="com.wfuhui.modules.cms.entity.ColumnEntity">
		select * from cms_column where id = #{value}
	</select>

	<select id="queryList" resultType="com.wfuhui.modules.cms.entity.ColumnEntity">
		select * from cms_column
		<where>
			<if test="status != null">
				and status = #{status}
			</if>
			<if test="parentId != null">
				and parent_id = #{parentId}
			</if>
		</where>
        <choose>
            <when test="sidx != null and sidx.trim() != ''">
                order by ${sidx} ${order}
            </when>
			<otherwise>
                order by id desc
			</otherwise>
        </choose>
		<if test="offset != null and limit != null">
			limit #{offset}, #{limit}
		</if>
	</select>
	
 	<select id="queryTotal" resultType="int">
		select count(*) from cms_column 
		<where>
			<if test="status != null">
				and status = #{status}
			</if>
			<if test="parentId != null">
				and parent_id = #{parentId}
			</if>
		</where>
	</select>
	 
	<insert id="save" parameterType="com.wfuhui.modules.cms.entity.ColumnEntity" useGeneratedKeys="true" keyProperty="id">
		insert into cms_column
		(
			`code`, 
			`column_name`, 
			`link`, 
			`parent_id`, 
			`sort`, 
			`status`
		)
		values
		(
			#{code},
			#{columnName}, 
			#{link}, 
			#{parentId}, 
			#{sort}, 
			#{status}
		)
	</insert>
	 
	<update id="update" parameterType="com.wfuhui.modules.cms.entity.ColumnEntity">
		update cms_column 
		<set>
			<if test="code != null">`code` = #{code}, </if>
			<if test="columnName != null">`column_name` = #{columnName}, </if>
			<if test="link != null">`link` = #{link}, </if>
			<if test="parentId != null">`parent_id` = #{parentId}, </if>
			<if test="sort != null">`sort` = #{sort}, </if>
			<if test="status != null">`status` = #{status} </if>
		</set>
		where id = #{id}
	</update>
	
	<delete id="delete">
		delete from cms_column where id = #{value}
	</delete>
	
	<delete id="deleteBatch">
		delete from cms_column where id in 
		<foreach item="id" collection="array" open="(" separator="," close=")">
			#{id}
		</foreach>
	</delete>

</mapper>