<?xml version="1.0" encoding="UTF-8"?>
<!DOCTYPE mapper PUBLIC "-//mybatis.org//DTD Mapper 3.0//EN" "http://mybatis.org/dtd/mybatis-3-mapper.dtd">

<mapper namespace="com.wfuhui.modules.cms.dao.CommentDao">

	<!-- 可根据自己的需求，是否要使用 -->
    <resultMap type="com.wfuhui.modules.cms.entity.CommentEntity" id="commentMap">
        <result property="id" column="id"/>
        <result property="memberId" column="member_id"/>
        <result property="articleId" column="article_id"/>
        <result property="content" column="content"/>
        <result property="createTime" column="create_time"/>
    </resultMap>

	<select id="queryObject" resultType="com.wfuhui.modules.cms.entity.CommentEntity">
		select * from cms_comment where id = #{value}
	</select>

	<select id="queryList" resultType="com.wfuhui.modules.cms.entity.CommentEntity">
		select c.*,mi.nickname as 'member.nickname', mi.avatar_url as 'member.avatarUrl' from cms_comment c 
		left join base_member mi on c.member_id = mi.id
		<where>
        	<if test="articleId != null and articleId != ''">
        		c.article_id = #{articleId}
        	</if>
        	<if test="content != null and content != ''">
				and c.content like concat('%', #{content}, '%')
			</if>
        </where>
        <choose>
            <when test="sidx != null and sidx.trim() != ''">
                order by ${sidx} ${order}
            </when>
			<otherwise>
                order by id desc
			</otherwise>
        </choose>
		<if test="offset != null and limit != null">
			limit #{offset}, #{limit}
		</if>
	</select>
	
 	<select id="queryTotal" resultType="int">
		select count(*) from cms_comment c
		<where>
        	<if test="articleId != null and articleId != ''">
        		c.article_id = #{articleId}
        	</if>
        	<if test="content != null and content != ''">
				and c.content like concat('%', #{content}, '%')
			</if>
        </where>
	</select>
	 
	<insert id="save" parameterType="com.wfuhui.modules.cms.entity.CommentEntity" useGeneratedKeys="true" keyProperty="id">
		insert into cms_comment
		(
			`member_id`, 
			`article_id`, 
			`content`, 
			`create_time`
		)
		values
		(
			#{memberId}, 
			#{articleId}, 
			#{content}, 
			#{createTime}
		)
	</insert>
	 
	<update id="update" parameterType="com.wfuhui.modules.cms.entity.CommentEntity">
		update cms_comment 
		<set>
			<if test="memberId != null">`member_id` = #{memberId}, </if>
			<if test="articleId != null">`article_id` = #{articleId}, </if>
			<if test="content != null">`content` = #{content}, </if>
			<if test="createTime != null">`create_time` = #{createTime}</if>
		</set>
		where id = #{id}
	</update>
	
	<delete id="delete">
		delete from cms_comment where id = #{value}
	</delete>
	
	<delete id="deleteBatch">
		delete from cms_comment where id in 
		<foreach item="id" collection="array" open="(" separator="," close=")">
			#{id}
		</foreach>
	</delete>

</mapper>