<?xml version="1.0" encoding="UTF-8"?>
<!DOCTYPE mapper PUBLIC "-//mybatis.org//DTD Mapper 3.0//EN" "http://mybatis.org/dtd/mybatis-3-mapper.dtd">

<mapper namespace="com.wfuhui.modules.sys.dao.MessageDao">

	<!-- 可根据自己的需求，是否要使用 -->
    <resultMap type="com.wfuhui.modules.sys.entity.MessageEntity" id="messageMap">
        <result property="id" column="id"/>
        <result property="title" column="title"/>
        <result property="content" column="content"/>
        <result property="userId" column="user_id"/>
        <result property="createTime" column="create_time"/>
    </resultMap>

	<select id="queryObject" resultType="com.wfuhui.modules.sys.entity.MessageEntity">
		select * from sys_message where id = #{value}
	</select>

	<select id="queryList" resultType="com.wfuhui.modules.sys.entity.MessageEntity">
		select m.*, u.real_name as 'user.realName' from sys_message m left join base_member u on u.id = m.user_id
		<where>
			<if test="userId != null">
				and m.user_id = #{userId}
			</if>
		</where>
        <choose>
            <when test="sidx != null and sidx.trim() != ''">
                order by ${sidx} ${order}
            </when>
			<otherwise>
                order by id desc
			</otherwise>
        </choose>
		<if test="offset != null and limit != null">
			limit #{offset}, #{limit}
		</if>
	</select>
	
 	<select id="queryTotal" resultType="int">
		select count(*) from sys_message 
		<where>
			<if test="userId != null">
				and user_id = #{userId}
			</if>
			<if test="status != null">
				and status = #{status}
			</if>
		</where>
	</select>
	 
	<insert id="save" parameterType="com.wfuhui.modules.sys.entity.MessageEntity" useGeneratedKeys="true" keyProperty="id">
		insert into sys_message
		(
			`title`, 
			`content`, 
			`user_id`, 
			`status`, 
			`create_time`
		)
		values
		(
			#{title}, 
			#{content}, 
			#{userId}, 
			#{status}, 
			#{createTime}
		)
	</insert>
	 
	<update id="update" parameterType="com.wfuhui.modules.sys.entity.MessageEntity">
		update sys_message 
		<set>
			<if test="title != null">`title` = #{title}, </if>
			<if test="content != null">`content` = #{content}, </if>
			<if test="userId != null">`user_id` = #{userId}, </if>
			<if test="status != null">`status` = #{status}, </if>
			<if test="createTime != null">`create_time` = #{createTime}</if>
		</set>
		where id = #{id}
	</update>
	
	<delete id="delete">
		delete from sys_message where id = #{value}
	</delete>
	
	<delete id="deleteBatch">
		delete from sys_message where id in 
		<foreach item="id" collection="array" open="(" separator="," close=")">
			#{id}
		</foreach>
	</delete>

</mapper>